teacher_id,Full_Name,Gender,Email,Age,Phone,Grade,Fees,Attendance,Father_Name
40001,Tess Hall,Female,t.hall@randatmail.com,13,988-7378-89,5,5500,97,Michelle Richards
40061,Bruce Thompson,Male,b.thompson@randatmail.com,6,116-0065-70,7,6500,40,Annabella Crawford
40000,Savana Nelson,Female,s.nelson@randatmail.com,11,753-8762-85,9,7000,82,Carl Higgins
40041,Amanda Adams,Female,a.adams@randatmail.com,12,591-2518-53,5,5500,73,Kimberly Howard
40061,Rebecca Wilson,Female,r.wilson@randatmail.com,8,714-2089-62,9,7000,48,Tara Clark
40002,Annabella Brown,Female,a.brown@randatmail.com,6,541-2943-80,8,6500,74,Thomas Campbell
40061,Catherine Riley,Female,c.riley@randatmail.com,14,293-3023-52,7,6500,41,Caroline Edwards
40061,Paige Armstrong,Female,p.armstrong@randatmail.com,12,830-3584-01,5,5500,42,Connie Kelley
40050,Jessica Morgan,Female,j.morgan@randatmail.com,12,221-8444-32,7,6500,77,Dale Morris
40041,William Fowler,Male,w.fowler@randatmail.com,8,772-4999-86,7,6500,77,Miranda Reed
40041,Alfred Riley,Male,a.riley@randatmail.com,13,773-6941-06,3,4500,59,Richard Edwards
40041,Sofia Allen,Female,s.allen@randatmail.com,14,068-6848-06,8,6500,56,Maximilian Riley
40000,Chelsea Tucker,Female,c.tucker@randatmail.com,5,614-3125-40,2,4000,62,Edgar Lloyd
40061,Paul Wright,Male,p.wright@randatmail.com,13,162-6790-64,9,7000,91,Spike Alexander
40050,Melanie Lloyd,Female,m.lloyd@randatmail.com,4,880-7499-04,3,4500,95,Marcus Bennett
40061,Kristian Brown,Male,k.brown@randatmail.com,13,486-8240-20,6,6000,61,Luke Payne
40002,Nicole Armstrong,Female,n.armstrong@randatmail.com,13,161-6307-21,7,6500,90,Victoria Ferguson
40061,Briony Clark,Female,b.clark@randatmail.com,9,350-3714-27,7,6500,57,Ada Myers
40061,Kelvin Montgomery,Male,k.montgomery@randatmail.com,12,528-3571-95,7,6500,92,Carl Casey
40002,Olivia Bailey,Female,o.bailey@randatmail.com,7,645-7939-32,8,6500,45,Sydney Ross
40061,John Walker,Male,j.walker@randatmail.com,14,814-3061-69,6,6000,72,Camila Bailey
40061,Edgar Allen,Male,e.allen@randatmail.com,4,729-1356-05,8,6500,65,Patrick Ross
40002,Kristian Spencer,Male,k.spencer@randatmail.com,8,750-0559-07,9,7000,88,Dexter Miller
40061,Miley Turner,Female,m.turner@randatmail.com,8,651-4528-46,3,4500,92,Belinda Jones
40000,Adrian Sullivan,Male,a.sullivan@randatmail.com,10,499-9012-74,5,5500,72,Kellan Brooks
40050,Walter Harper,Male,w.harper@randatmail.com,9,321-6216-35,2,4000,69,William Bailey
40061,Jasmine Morrison,Female,j.morrison@randatmail.com,7,807-7304-57,3,4500,62,Ellia Cole
40061,Stuart Gibson,Male,s.gibson@randatmail.com,14,625-6827-70,10,8000,72,Alfred Clark
40061,Julian Anderson,Male,j.anderson@randatmail.com,14,086-9643-70,6,6000,56,Paige Ryan
40050,Arianna Murray,Female,a.murray@randatmail.com,9,292-4259-17,4,5000,45,Sydney Baker
40055,Clark Johnson,Male,c.johnson@randatmail.com,11,705-1746-16,2,4000,59,Cherry Brooks
40055,Alexander Bennett,Male,a.bennett@randatmail.com,10,558-3761-99,5,5500,72,Kellan Wells
40055,Kirsten Bailey,Female,k.bailey@randatmail.com,10,582-3909-22,2,4000,42,Lucas Parker
40055,Patrick Riley,Male,p.riley@randatmail.com,7,419-6106-56,9,7000,90,Sawyer Hill
40055,John Clark,Male,j.clark@randatmail.com,13,352-8263-06,10,8000,64,Victoria Turner
40041,Adrianna Lloyd,Female,a.lloyd@randatmail.com,11,293-5093-58,8,6500,87,Nicole Myers
40000,Owen Dixon,Male,o.dixon@randatmail.com,11,307-7212-23,10,8000,56,Catherine Wilson
40041,Tiana Dixon,Female,t.dixon@randatmail.com,8,803-7812-48,5,5500,62,Aida Montgomery
40055,Arianna Armstrong,Female,a.armstrong@randatmail.com,10,503-9391-08,8,6500,74,Robert Anderson
40055,Andrew Anderson,Male,a.anderson@randatmail.com,14,509-3388-90,4,5000,94,Samantha Allen
40021,Mike Barrett,Male,m.barrett@randatmail.com,12,349-7195-40,3,4500,80,Rosie Wright
40021,Ted Spencer,Male,t.spencer@randatmail.com,11,044-4976-52,7,6500,82,Harold Grant
40021,Edith Williams,Female,e.williams@randatmail.com,10,786-5472-48,5,5500,86,Arianna Jones
40021,Rafael Myers,Male,r.myers@randatmail.com,11,896-8851-65,2,4000,92,Arnold Douglas
40002,Ted Riley,Male,t.riley@randatmail.com,10,314-1232-02,2,4000,44,George Baker
40021,Abigail Rogers,Female,a.rogers@randatmail.com,13,456-9988-46,9,7000,64,Sophia Spencer
40021,Joyce Myers,Female,j.myers@randatmail.com,4,158-8199-12,4,5000,79,Amelia Phillips
40021,Oliver Tucker,Male,o.tucker@randatmail.com,8,864-2257-35,7,6500,90,Emma Casey
40000,Robert Ryan,Male,r.ryan@randatmail.com,11,643-7505-44,3,4500,65,Audrey Wright
40021,Garry Carter,Male,g.carter@randatmail.com,4,605-6251-34,9,7000,61,Sienna Lloyd
40021,Henry Barnes,Male,h.barnes@randatmail.com,7,853-8560-11,10,8000,55,Reid Allen
40021,Eric Kelley,Male,e.kelley@randatmail.com,13,029-7667-55,2,4000,89,Roman Henderson
40021,Vincent Miller,Male,v.miller@randatmail.com,14,458-1379-30,6,6000,55,Jared Ferguson
40002,Emma Murray,Female,e.murray@randatmail.com,10,452-1121-91,7,6500,71,Lana Tucker
40021,Ned Armstrong,Male,n.armstrong@randatmail.com,9,819-1755-61,3,4500,98,Paige Martin
40021,Victor Cooper,Male,v.cooper@randatmail.com,4,202-5015-74,3,4500,95,Oliver Baker
40002,Jack Cole,Male,j.cole@randatmail.com,12,942-0226-09,10,8000,55,Edward Kelly
40021,Elise Cole,Female,e.cole@randatmail.com,4,037-8967-63,9,7000,50,Garry Rogers
40000,Marcus Kelly,Male,m.kelly@randatmail.com,14,182-6185-69,9,7000,74,Emily Myers
40021,Mary Brown,Female,m.brown@randatmail.com,11,267-4370-44,2,4000,82,Gianna Thompson
40021,Richard Morris,Male,r.morris@randatmail.com,10,270-7255-34,10,8000,59,Miley Smith
40002,Luke Cooper,Male,l.cooper@randatmail.com,14,341-1981-50,9,7000,65,Briony Tucker
40021,Stella Dixon,Female,s.dixon@randatmail.com,12,373-5851-19,2,4000,50,James Nelson
40021,Jacob Chapman,Male,j.chapman@randatmail.com,7,826-3761-09,2,4000,43,Melanie Brown
40021,Stella Moore,Female,s.moore@randatmail.com,10,527-0284-03,3,4500,83,Alan Cooper
40021,Julia Roberts,Female,j.roberts@randatmail.com,12,575-4463-79,7,6500,52,Amber Phillips
40055,Charlotte Miller,Female,c.miller@randatmail.com,6,287-5272-47,2,4000,57,Kimberly Walker
40055,Melanie Tucker,Female,m.tucker@randatmail.com,6,120-8447-48,3,4500,55,Eddy Evans
40055,Sarah Cole,Female,s.cole@randatmail.com,6,111-4803-53,8,6500,57,Reid Parker
40055,Anna Mitchell,Female,a.mitchell@randatmail.com,13,148-4705-44,5,5500,98,Roland Andrews
40047,Lyndon Wilson,Male,l.wilson@randatmail.com,8,529-3397-48,7,6500,100,Aston Foster
40047,Max Hunt,Male,m.hunt@randatmail.com,6,280-0810-47,4,5000,40,Walter Cameron
40047,Sabrina Grant,Female,s.grant@randatmail.com,13,250-3187-39,5,5500,92,Garry Martin
40047,Violet Davis,Female,v.davis@randatmail.com,7,551-8811-37,4,5000,57,Elise Elliott
40047,Myra Dixon,Female,m.dixon@randatmail.com,9,573-0745-96,9,7000,92,Kristian Dixon
40002,Wilson Jones,Male,w.jones@randatmail.com,11,332-9724-37,9,7000,70,Preston Cameron
40047,Amanda Baker,Female,a.baker@randatmail.com,12,700-0934-61,3,4500,52,Luke Elliott
40047,Mary Watson,Female,m.watson@randatmail.com,9,029-3877-78,10,8000,59,Oliver Robinson
40047,Julian Williams,Male,j.williams@randatmail.com,12,313-6808-78,8,6500,63,Jasmine Chapman
40047,Amanda Reed,Female,a.reed@randatmail.com,13,365-1410-74,4,5000,58,Vivian Allen
40002,Chelsea Farrell,Female,c.farrell@randatmail.com,8,494-8316-77,6,6000,50,Violet Brown
40047,George Bailey,Male,g.bailey@randatmail.com,10,123-7763-67,9,7000,52,Cherry Brown
40047,Fenton Riley,Male,f.riley@randatmail.com,4,302-9886-82,8,6500,53,Bruce Brooks
40047,Dainton Jones,Male,d.jones@randatmail.com,8,499-5932-26,5,5500,60,Chelsea Harris
40047,Elian Mason,Male,e.mason@randatmail.com,12,219-5032-12,6,6000,91,Daniel Reed
40047,Aiden Ferguson,Male,a.ferguson@randatmail.com,8,175-3071-37,3,4500,85,Harold West
40047,Alford Cunningham,Male,a.cunningham@randatmail.com,10,648-2990-40,6,6000,73,Darcy Taylor
40004,Emma Fowler,Female,e.fowler@randatmail.com,5,374-9675-44,5,5500,61,April Richardson
40004,Darcy Harris,Female,d.harris@randatmail.com,12,853-8113-80,5,5500,42,Alissa Warren
40004,Vincent Wells,Male,v.wells@randatmail.com,5,863-6671-04,2,4000,55,Charlotte Russell
40004,Anna Stevens,Female,a.stevens@randatmail.com,4,644-3570-60,6,6000,69,Brooke Owens
40004,Thomas Cole,Male,t.cole@randatmail.com,14,871-2470-55,8,6500,68,Brad Martin
40004,Emily Roberts,Female,e.roberts@randatmail.com,6,177-1540-91,7,6500,48,Annabella Fowler
40004,Oscar Carter,Male,o.carter@randatmail.com,8,344-3690-32,3,4500,97,Rafael Chapman
40004,Carina Stevens,Female,c.stevens@randatmail.com,6,355-6702-94,2,4000,75,Jack Hunt
40002,Jenna Russell,Female,j.russell@randatmail.com,7,968-2363-56,2,4000,74,Fenton Taylor
40004,Caroline Montgomery,Female,c.montgomery@randatmail.com,5,669-1307-14,10,8000,47,Bruce Myers
40004,Alexia Elliott,Female,a.elliott@randatmail.com,12,505-0616-56,8,6500,56,William Martin
40004,Penelope Perkins,Female,p.perkins@randatmail.com,7,327-3897-29,9,7000,74,Max Andrews
40002,Andrew Smith,Male,a.smith@randatmail.com,6,003-1758-42,10,8000,49,Jared Bennett
40004,Ryan Perkins,Male,r.perkins@randatmail.com,4,848-8916-91,4,5000,74,Eleanor Mason
40004,Joyce Riley,Female,j.riley@randatmail.com,7,425-2642-51,2,4000,97,Maria Martin
40021,Madaline Edwards,Female,m.edwards@randatmail.com,14,173-3285-70,7,6500,80,Harold Carroll
40021,David Evans,Male,d.evans@randatmail.com,7,079-0796-15,5,5500,54,Chester Smith
40021,Grace Morris,Female,g.morris@randatmail.com,4,852-3051-51,8,6500,80,Amy Anderson
40021,Kirsten Watson,Female,k.watson@randatmail.com,5,979-1297-89,5,5500,69,Clark Thomas
40021,Alford Elliott,Male,a.elliott@randatmail.com,14,502-1667-61,8,6500,86,Anna Barrett
40021,Thomas Edwards,Male,t.edwards@randatmail.com,11,778-2169-87,6,6000,52,Sienna Edwards
40021,Edgar Carter,Male,e.carter@randatmail.com,8,834-9647-55,2,4000,42,Spike Evans
40002,Wilson Barnes,Male,w.barnes@randatmail.com,12,137-3000-06,6,6000,47,Michelle Smith
40021,Aston Barnes,Male,a.barnes@randatmail.com,4,444-3362-53,5,5500,59,Bruce Ross
40021,Jared Edwards,Male,j.edwards@randatmail.com,11,564-6428-74,2,4000,93,Alisa Moore
40021,Ryan Carroll,Male,r.carroll@randatmail.com,12,179-8258-69,7,6500,77,Owen Mitchell
40021,Dominik Alexander,Male,d.alexander@randatmail.com,6,299-3599-96,4,5000,65,Stuart Payne
40021,Savana Parker,Female,s.parker@randatmail.com,13,971-0172-47,5,5500,46,Clark Morrison
40032,Mike Sullivan,Male,m.sullivan@randatmail.com,12,902-6212-89,3,4500,46,Victoria Montgomery
40032,Amelia Hall,Female,a.hall@randatmail.com,14,877-3511-18,3,4500,67,Darcy Bennett
40032,Kristian Warren,Male,k.warren@randatmail.com,9,624-0624-85,9,7000,90,Sienna Adams
40032,Jessica Davis,Female,j.davis@randatmail.com,4,523-8791-42,7,6500,58,Savana Mitchell
40032,Adrian Andrews,Male,a.andrews@randatmail.com,5,310-7151-96,4,5000,51,Kimberly Moore
40002,Jenna Dixon,Female,j.dixon@randatmail.com,5,446-1281-84,9,7000,75,Miley Elliott
40032,Adison Farrell,Male,a.farrell@randatmail.com,9,581-1390-27,9,7000,81,Henry Morrison
40032,Deanna Carter,Female,d.carter@randatmail.com,14,488-1579-97,4,5000,67,Violet Douglas
40032,Fenton West,Male,f.west@randatmail.com,9,154-8754-85,9,7000,88,Dexter Casey
40032,Jordan Johnson,Male,j.johnson@randatmail.com,12,053-2822-34,8,6500,79,James Howard
40032,Ryan Craig,Male,r.craig@randatmail.com,7,189-5198-88,9,7000,75,Lyndon Kelley
40032,Kirsten Hall,Female,k.hall@randatmail.com,5,187-9673-50,3,4500,42,Alexander Dixon
40032,Natalie Phillips,Female,n.phillips@randatmail.com,13,022-5387-94,3,4500,96,Valeria Harper
40032,Cherry Carroll,Female,c.carroll@randatmail.com,5,634-0458-89,5,5500,81,Luke West
40032,Frederick Watson,Male,f.watson@randatmail.com,6,133-6987-25,4,5000,72,Alexia Stewart
40032,Albert Campbell,Male,a.campbell@randatmail.com,5,230-8851-61,5,5500,69,Frederick Harrison
40032,Agata Ferguson,Female,a.ferguson@randatmail.com,12,264-0505-58,8,6500,46,Amy Walker
40032,Samantha Richardson,Female,s.richardson@randatmail.com,12,718-3446-69,5,5500,64,Carl Ellis
40032,Miranda Ross,Female,m.ross@randatmail.com,5,403-2412-56,8,6500,56,Julian Gray
40032,Rebecca Evans,Female,r.evans@randatmail.com,12,967-0743-74,8,6500,92,Dominik Alexander
40032,Violet Rogers,Female,v.rogers@randatmail.com,5,401-4590-13,5,5500,91,Vanessa Warren
40032,Jared Harris,Male,j.harris@randatmail.com,7,836-4455-28,2,4000,46,Alford Morrison
40032,Clark Murray,Male,c.murray@randatmail.com,9,504-3961-22,8,6500,97,Fiona Montgomery
40032,Edwin Douglas,Male,e.douglas@randatmail.com,14,340-8756-20,5,5500,69,Michelle Kelly
40032,Charlie Farrell,Male,c.farrell@randatmail.com,6,916-3709-35,4,5000,79,Lana Casey
40091,Elian Hunt,Male,e.hunt@randatmail.com,10,097-2044-23,4,5000,83,Arthur Morrison
40091,April Gibson,Female,a.gibson@randatmail.com,7,368-3548-33,8,6500,41,Sarah Bennett
40091,Isabella Craig,Female,i.craig@randatmail.com,12,542-1338-17,7,6500,82,Harold Harris
40091,Alberta Brown,Female,a.brown@randatmail.com,11,651-6902-71,4,5000,68,Antony Williams
40091,Clark Ferguson,Male,c.ferguson@randatmail.com,8,373-4684-77,2,4000,67,Patrick Hill
40091,April Owens,Female,a.owens@randatmail.com,11,060-5827-42,4,5000,83,Anna Morrison
40091,Thomas Sullivan,Male,t.sullivan@randatmail.com,6,591-5378-04,2,4000,97,Camila Gray
40091,Aiden Howard,Male,a.howard@randatmail.com,9,392-4958-70,10,8000,58,Lana Thomas
40091,Abraham Riley,Male,a.riley@randatmail.com,6,051-8501-60,4,5000,89,James Stewart
40091,Jenna Murray,Female,j.murray@randatmail.com,14,598-0285-98,9,7000,97,Michelle Stewart
40091,Edgar Ellis,Male,e.ellis@randatmail.com,12,617-9258-46,2,4000,53,Amy Sullivan
40091,Ted Thomas,Male,t.thomas@randatmail.com,7,078-0933-19,2,4000,56,Alfred Turner
40091,Kellan Kelly,Male,k.kelly@randatmail.com,7,456-3394-80,7,6500,82,Adele Hall
40091,Blake Wilson,Male,b.wilson@randatmail.com,14,882-7977-96,10,8000,53,Camila Wright
40091,Elian Morris,Male,e.morris@randatmail.com,4,216-3356-54,4,5000,54,Vanessa Clark
40091,Daniel Murphy,Male,d.murphy@randatmail.com,5,310-2653-84,3,4500,97,Sawyer Henderson
40091,Kimberly Morgan,Female,k.morgan@randatmail.com,10,026-7327-11,7,6500,100,Chester Alexander
40091,Miranda Perry,Female,m.perry@randatmail.com,4,891-4482-84,9,7000,86,Kristian Taylor
40091,Heather Cameron,Female,h.cameron@randatmail.com,10,670-8467-06,3,4500,98,Gianna Barnes
40125,Alford Moore,Male,a.moore@randatmail.com,4,982-0402-82,8,6500,94,Daryl Roberts
40125,Rubie Cooper,Female,r.cooper@randatmail.com,14,593-7637-15,2,4000,74,Emily Johnson
40125,Nicholas Gray,Male,n.gray@randatmail.com,12,916-7308-14,2,4000,51,Joyce Russell
40125,Adison Davis,Male,a.davis@randatmail.com,10,604-4347-23,9,7000,81,Audrey Cameron
40125,Alfred Alexander,Male,a.alexander@randatmail.com,4,160-2964-15,3,4500,72,Lily Gibson
40125,Mike Moore,Male,m.moore@randatmail.com,12,353-8068-66,2,4000,58,Martin Carroll
40125,Lydia Riley,Female,l.riley@randatmail.com,4,043-8241-49,9,7000,60,Dexter Ross
40125,Annabella Lloyd,Female,a.lloyd@randatmail.com,4,023-4105-47,2,4000,73,Elian Russell
40125,Eleanor Cole,Female,e.cole@randatmail.com,9,499-0064-10,8,6500,41,Alexia Wright
40125,Dainton Campbell,Male,d.campbell@randatmail.com,12,746-2961-94,9,7000,68,Kristian Perry
40125,Sofia Miller,Female,s.miller@randatmail.com,12,403-6033-30,3,4500,69,James Johnston
40125,Vanessa Gibson,Female,v.gibson@randatmail.com,11,680-6667-72,7,6500,55,Vincent Howard
40125,Kimberly Bailey,Female,k.bailey@randatmail.com,11,553-1247-80,5,5500,98,Alen Morris
40125,Freddie Andrews,Male,f.andrews@randatmail.com,14,061-9975-13,6,6000,76,Sawyer Morgan
40125,Martin Crawford,Male,m.crawford@randatmail.com,7,300-3891-14,7,6500,84,Tara Elliott
40125,Luke Ross,Male,l.ross@randatmail.com,6,664-1523-87,10,8000,41,Darcy Payne
40265,Vincent Hill,Male,v.hill@randatmail.com,4,712-5697-18,5,5500,51,Harold Ryan
40265,Lilianna Robinson,Female,l.robinson@randatmail.com,12,919-9507-18,2,4000,51,Amy Turner
40265,Nicholas Cameron,Male,n.cameron@randatmail.com,9,830-0545-42,7,6500,96,Fenton Turner
40265,Alan Harper,Male,a.harper@randatmail.com,13,267-6891-24,6,6000,65,Justin Cameron
40265,Richard Grant,Male,r.grant@randatmail.com,7,496-9776-61,2,4000,63,Valeria Gibson
40265,Adele Ferguson,Female,a.ferguson@randatmail.com,7,253-3099-52,4,5000,93,Aldus Stevens
40265,Andrew Richards,Male,a.richards@randatmail.com,5,464-3950-94,9,7000,43,April Thompson
40265,Richard Sullivan,Male,r.sullivan@randatmail.com,6,143-9570-42,10,8000,88,Tara Smith
40265,Mike Reed,Male,m.reed@randatmail.com,11,812-9757-92,3,4500,76,Victoria Richardson
40265,Byron Ellis,Male,b.ellis@randatmail.com,13,856-3316-50,3,4500,45,Freddie Brown
40265,Kirsten Anderson,Female,k.anderson@randatmail.com,11,327-5846-00,7,6500,94,Miranda Payne
40265,Adrian Hamilton,Male,a.hamilton@randatmail.com,7,775-3325-88,6,6000,81,Adrian Alexander
40265,Briony Mason,Female,b.mason@randatmail.com,9,206-7339-52,3,4500,71,Derek Anderson
40265,Sawyer Roberts,Male,s.roberts@randatmail.com,7,702-2470-21,9,7000,62,Jordan Wright
40265,Emily Holmes,Female,e.holmes@randatmail.com,11,337-1657-15,4,5000,97,Eric Richards
40265,Edgar Hall,Male,e.hall@randatmail.com,8,192-5847-09,2,4000,68,Lily Thomas
40265,Alberta Dixon,Female,a.dixon@randatmail.com,4,951-7423-22,3,4500,55,Daniel Smith
40265,John Bailey,Male,j.bailey@randatmail.com,14,162-7497-00,9,7000,79,Savana West
40301,Lucia Thomas,Female,l.thomas@randatmail.com,9,879-3471-70,9,7000,91,Edith Evans
40301,Lilianna Carroll,Female,l.carroll@randatmail.com,12,725-4377-00,3,4500,59,Abigail Murphy
40301,Nicholas Ferguson,Male,n.ferguson@randatmail.com,8,011-2564-05,3,4500,69,Sabrina Cameron
40301,Adrianna Chapman,Female,a.chapman@randatmail.com,10,047-4954-89,10,8000,57,Michelle Riley
40301,Grace Mason,Female,g.mason@randatmail.com,4,485-1519-97,4,5000,76,Sophia Thomas
40301,Ned Hawkins,Male,n.hawkins@randatmail.com,6,908-0492-96,7,6500,99,Tony Hunt
40301,Chester Higgins,Male,c.higgins@randatmail.com,7,291-2516-97,2,4000,54,Maya Stevens
40301,Miller Cameron,Male,m.cameron@randatmail.com,14,971-3724-60,2,4000,59,Kelvin Adams
40301,Olivia Nelson,Female,o.nelson@randatmail.com,6,052-6582-27,10,8000,88,Arnold Campbell
40301,Rafael Rogers,Male,r.rogers@randatmail.com,10,903-1977-30,2,4000,52,Daisy Armstrong
40301,Gianna Gray,Female,g.gray@randatmail.com,12,996-7925-42,3,4500,48,Melanie Johnson
40301,Hailey Elliott,Female,h.elliott@randatmail.com,14,427-1609-94,7,6500,57,Edgar Casey
40301,Arnold Sullivan,Male,a.sullivan@randatmail.com,10,597-0646-26,3,4500,42,Chelsea Campbell
40301,Caroline Stewart,Female,c.stewart@randatmail.com,7,952-0947-19,8,6500,84,Honey Smith
40301,Charlie Walker,Male,c.walker@randatmail.com,5,915-4678-86,2,4000,51,Bruce Reed
40301,Tara Murphy,Female,t.murphy@randatmail.com,8,796-9487-23,4,5000,55,Sarah Roberts
40301,William Smith,Male,w.smith@randatmail.com,4,581-4652-96,10,8000,43,Brianna Hawkins
40301,Albert Cooper,Male,a.cooper@randatmail.com,9,515-5729-36,5,5500,65,Preston Craig
40301,Nicole Wright,Female,n.wright@randatmail.com,10,551-7873-17,10,8000,44,Haris Lloyd
40000,Lucas Nelson,Male,l.nelson@randatmail.com,8,523-6820-92,7,6500,59,Emma Martin
40301,Adison Cunningham,Male,a.cunningham@randatmail.com,10,354-1560-19,7,6500,54,Spike Ellis
40301,Martin Evans,Male,m.evans@randatmail.com,9,468-4259-27,9,7000,68,Brianna Smith
40301,Carlos Mitchell,Male,c.mitchell@randatmail.com,12,733-3710-58,8,6500,48,Miley Reed
40111,Daryl Martin,Male,d.martin@randatmail.com,4,701-3336-61,2,4000,59,Clark Scott
40111,Harold Wright,Male,h.wright@randatmail.com,5,958-7375-32,3,4500,55,Amber Ryan
40111,Harold Riley,Male,h.riley@randatmail.com,9,185-3035-31,3,4500,85,Jenna Murphy
40000,Adrian Phillips,Male,a.phillips@randatmail.com,6,022-5696-48,8,6500,44,Edward Brown
40111,Edgar Chapman,Male,e.chapman@randatmail.com,11,217-8439-65,9,7000,96,Amy Howard
40111,Alissa Farrell,Female,a.farrell@randatmail.com,4,188-9134-38,5,5500,91,Stella Lloyd
40111,Tony Kelly,Male,t.kelly@randatmail.com,4,461-8909-18,9,7000,54,Honey Holmes
40111,Amelia Perkins,Female,a.perkins@randatmail.com,8,831-3820-52,10,8000,81,Carlos Dixon
40000,Henry Evans,Male,h.evans@randatmail.com,5,710-7144-46,3,4500,96,Sydney Hunt
40111,Alen Kelly,Male,a.kelly@randatmail.com,14,126-2479-60,10,8000,58,Hailey Alexander
40111,Brianna Higgins,Female,b.higgins@randatmail.com,13,989-2020-21,6,6000,49,Penelope Richards
40111,Lilianna Higgins,Female,l.higgins@randatmail.com,14,725-6360-72,2,4000,46,Edward Armstrong
40111,Maria Barrett,Female,m.barrett@randatmail.com,10,722-4062-29,3,4500,89,Eddy Williams
40111,Arnold Martin,Male,a.martin@randatmail.com,4,745-3594-77,5,5500,53,Ned Farrell
40000,Adrian Evans,Male,a.evans@randatmail.com,8,195-1982-43,10,8000,74,Sophia Baker
40111,Savana Myers,Female,s.myers@randatmail.com,11,641-9847-69,3,4500,57,Sophia Carroll
40111,Violet Gibson,Female,v.gibson@randatmail.com,14,235-4057-62,10,8000,50,Abigail Turner
40111,Charlotte Cameron,Female,c.cameron@randatmail.com,5,493-3050-15,10,8000,82,Kimberly Morrison
40111,Alisa Armstrong,Female,a.armstrong@randatmail.com,9,520-7530-71,5,5500,72,Sarah Montgomery
40111,Julia Clark,Female,j.clark@randatmail.com,11,379-8197-64,2,4000,92,James Thompson
40111,Paige Andrews,Female,p.andrews@randatmail.com,14,347-6513-83,6,6000,67,Kimberly Grant
40087,Daisy Lloyd,Female,d.lloyd@randatmail.com,7,617-1695-29,4,5000,62,Deanna Morgan
40087,Sophia Barrett,Female,s.barrett@randatmail.com,13,615-2766-78,10,8000,64,Spike Henderson
40087,Oliver Martin,Male,o.martin@randatmail.com,7,051-6529-43,10,8000,49,Dainton Morrison
40087,Steven Armstrong,Male,s.armstrong@randatmail.com,7,828-7317-52,9,7000,52,Maria Kelly
40087,Julia Sullivan,Female,j.sullivan@randatmail.com,11,281-0617-41,5,5500,55,Vincent Nelson
40087,Stuart Stewart,Male,s.stewart@randatmail.com,11,238-6140-07,6,6000,86,Rosie Jones
40087,Eleanor Higgins,Female,e.higgins@randatmail.com,8,727-0531-42,8,6500,44,Adele Owens
40087,Edwin Anderson,Male,e.anderson@randatmail.com,11,027-8363-96,3,4500,42,Emma Bennett
40008,Agata Carter,Female,a.carter@randatmail.com,4,411-0395-27,6,6000,43,Nicole Cole
40087,Adele Warren,Female,a.warren@randatmail.com,13,562-7572-82,8,6500,98,Kellan Nelson
40087,Amber Farrell,Female,a.farrell@randatmail.com,10,580-2974-04,10,8000,71,Sienna Anderson
40087,Fenton Wright,Male,f.wright@randatmail.com,14,369-5973-23,7,6500,64,Rosie Grant
40008,Melissa Casey,Female,m.casey@randatmail.com,4,517-6355-36,10,8000,66,Sam Hamilton
40087,Tara Foster,Female,t.foster@randatmail.com,11,143-3244-83,3,4500,100,Carl Tucker
40087,Preston Armstrong,Male,p.armstrong@randatmail.com,4,300-2611-18,6,6000,51,Jordan Montgomery
40087,Audrey Wells,Female,a.wells@randatmail.com,9,839-4428-34,6,6000,68,Dexter Taylor
40000,Jasmine Cameron,Female,j.cameron@randatmail.com,11,332-1965-01,4,5000,95,Rebecca Reed
40087,Eric Ferguson,Male,e.ferguson@randatmail.com,14,090-5871-88,9,7000,71,Anna Casey
40087,Martin Andrews,Male,m.andrews@randatmail.com,4,995-6550-82,7,6500,47,Alissa Bennett
40008,Adam Hall,Male,a.hall@randatmail.com,11,017-5083-01,8,6500,73,Anna Richardson
40087,Daisy Reed,Female,d.reed@randatmail.com,9,844-9723-25,4,5000,73,Nicholas Bailey
40385,Byron Jones,Male,b.jones@randatmail.com,7,023-5621-46,9,7000,44,Catherine Turner
40008,Kellan Campbell,Male,k.campbell@randatmail.com,12,661-6342-74,9,7000,99,Miley Elliott
40385,Sienna Bennett,Female,s.bennett@randatmail.com,8,905-6744-47,8,6500,58,Daryl Elliott
40385,Amanda Elliott,Female,a.elliott@randatmail.com,4,026-9395-08,4,5000,65,Sawyer Carroll
40385,Robert Murphy,Male,r.murphy@randatmail.com,9,375-9390-78,7,6500,66,Emily Brooks
40385,Rubie West,Female,r.west@randatmail.com,4,394-7223-07,8,6500,48,Stuart Cooper
40385,Sawyer Jones,Male,s.jones@randatmail.com,5,773-4854-24,2,4000,62,Haris Parker
40385,Kellan Watson,Male,k.watson@randatmail.com,10,412-8989-79,2,4000,48,Elise Watson
40385,Gianna Kelley,Female,g.kelley@randatmail.com,5,025-3189-16,5,5500,72,Sydney Mason
40008,Jacob Carroll,Male,j.carroll@randatmail.com,5,032-0577-51,6,6000,100,Lilianna Baker
40385,Sydney Cameron,Female,s.cameron@randatmail.com,13,270-4756-91,10,8000,57,Henry Jones
40385,Victor Taylor,Male,v.taylor@randatmail.com,6,621-6299-43,6,6000,49,Jack Wilson
40385,Sienna Evans,Female,s.evans@randatmail.com,8,710-0021-21,6,6000,45,Jack Carroll
40385,Natalie Moore,Female,n.moore@randatmail.com,6,689-3426-85,7,6500,80,Blake Kelley
40385,Miller Anderson,Male,m.anderson@randatmail.com,14,598-0205-05,8,6500,95,Carlos Ferguson
40385,Fiona Walker,Female,f.walker@randatmail.com,8,576-8411-51,5,5500,85,Lenny Russell
40008,Adele Murphy,Female,a.murphy@randatmail.com,11,949-6054-61,3,4500,47,Kimberly Mason
40385,Brad Kelly,Male,b.kelly@randatmail.com,6,608-7078-90,7,6500,99,Sofia Brooks
40385,Andrew Reed,Male,a.reed@randatmail.com,14,760-1988-40,4,5000,85,Preston Lloyd
40385,Eleanor Crawford,Female,e.crawford@randatmail.com,11,718-8718-32,5,5500,49,Maddie Farrell
40145,Patrick Owens,Male,p.owens@randatmail.com,6,778-6594-73,9,7000,50,Melanie Stevens
40008,Leonardo Sullivan,Male,l.sullivan@randatmail.com,12,569-2637-77,3,4500,99,Belinda Ryan
40145,Jasmine Alexander,Female,j.alexander@randatmail.com,12,021-8746-55,3,4500,51,Freddie Henderson
40145,Tiana Kelly,Female,t.kelly@randatmail.com,14,353-1776-67,10,8000,77,Clark Armstrong
40145,Emma Hawkins,Female,e.hawkins@randatmail.com,9,681-4472-29,4,5000,48,Arianna Murphy
40008,Stella Thomas,Female,s.thomas@randatmail.com,14,286-4814-08,8,6500,60,Edwin Allen
40008,Jacob Miller,Male,j.miller@randatmail.com,14,215-1380-15,2,4000,56,Emily Crawford
40145,Eddy Payne,Male,e.payne@randatmail.com,7,804-6564-74,4,5000,57,Miley Wright
40145,Lucas Johnson,Male,l.johnson@randatmail.com,14,898-0300-68,7,6500,81,Eddy Chapman
40145,Lucy Hawkins,Female,l.hawkins@randatmail.com,8,060-3821-76,5,5500,77,Kate Sullivan
40145,Jacob Gibson,Male,j.gibson@randatmail.com,10,464-9257-46,3,4500,61,Emily Lloyd
40145,Madaline Richards,Female,m.richards@randatmail.com,4,097-7169-78,4,5000,84,Sawyer Smith
40008,Eddy Grant,Male,e.grant@randatmail.com,8,241-7797-43,9,7000,52,Madaline Edwards
40145,Victor Crawford,Male,v.crawford@randatmail.com,4,841-6745-70,3,4500,65,Sawyer Warren
40145,Daniel Phillips,Male,d.phillips@randatmail.com,10,379-2257-21,5,5500,53,Owen Thompson
40145,Honey Cunningham,Female,h.cunningham@randatmail.com,7,305-9389-98,8,6500,42,Kimberly Warren
40145,Adam Barnes,Male,a.barnes@randatmail.com,12,280-8047-80,2,4000,66,Andrew Higgins
40145,Elise Richardson,Female,e.richardson@randatmail.com,7,794-2880-13,10,8000,62,Abigail Parker
40145,Fiona Bailey,Female,f.bailey@randatmail.com,6,391-3126-28,5,5500,94,Abigail Gibson
40145,Bruce Mason,Male,b.mason@randatmail.com,5,795-5482-77,9,7000,45,Heather Miller
40008,Ellia Reed,Female,e.reed@randatmail.com,5,479-5004-74,5,5500,98,Nicholas Montgomery
40145,Vanessa Sullivan,Female,v.sullivan@randatmail.com,11,422-1459-04,9,7000,54,Edwin Alexander
40145,Savana Warren,Female,s.warren@randatmail.com,11,011-4125-31,9,7000,99,Steven Barnes
40145,Dale Stewart,Male,d.stewart@randatmail.com,14,389-8153-74,6,6000,40,Annabella Armstrong
40008,Heather Hawkins,Female,h.hawkins@randatmail.com,5,620-3102-68,8,6500,45,David Anderson
40145,Ted Murray,Male,t.murray@randatmail.com,8,630-8839-50,4,5000,51,Grace Rogers
40145,Kevin Sullivan,Male,k.sullivan@randatmail.com,14,718-9627-38,8,6500,81,Dale Cooper
40003,Chelsea Alexander,Female,c.alexander@randatmail.com,4,593-7226-65,7,6500,40,Byron Morris
40003,Samantha Mason,Female,s.mason@randatmail.com,14,968-4828-82,7,6500,52,Paul Perkins
40003,Sofia Cunningham,Female,s.cunningham@randatmail.com,4,989-2123-53,2,4000,88,Amy Hawkins
40003,Owen Armstrong,Male,o.armstrong@randatmail.com,5,038-6703-46,4,5000,49,Miranda Rogers
40008,Camila Douglas,Female,c.douglas@randatmail.com,14,493-4043-59,5,5500,61,Natalie Baker
40003,Adrianna Cameron,Female,a.cameron@randatmail.com,12,618-4595-80,8,6500,87,Dale Watson
40003,Eleanor Carter,Female,e.carter@randatmail.com,14,792-1756-81,8,6500,92,Alford Cameron
40003,Alissa Barrett,Female,a.barrett@randatmail.com,4,375-9638-70,9,7000,56,Edwin Thomas
40003,Sienna Chapman,Female,s.chapman@randatmail.com,12,071-5070-68,8,6500,86,Melissa Armstrong
40003,Jordan Edwards,Male,j.edwards@randatmail.com,4,762-5756-99,9,7000,65,Elian Wells
40003,Florrie Richardson,Female,f.richardson@randatmail.com,12,135-9329-15,4,5000,55,Amelia Cameron
40003,Lydia Ferguson,Female,l.ferguson@randatmail.com,8,797-2754-55,2,4000,45,Reid Casey
40008,Kelvin Smith,Male,k.smith@randatmail.com,12,882-7938-92,10,8000,75,Grace Edwards
40074,Oliver Walker,Male,o.walker@randatmail.com,13,030-2890-42,4,5000,68,Ada Hall
40074,Rebecca Barnes,Female,r.barnes@randatmail.com,10,419-3529-76,2,4000,51,Kelvin Morris
40074,Dexter Anderson,Male,d.anderson@randatmail.com,5,612-5866-62,8,6500,52,Tiana Cunningham
40074,Rebecca Spencer,Female,r.spencer@randatmail.com,11,019-4842-12,6,6000,80,Maria Grant
40074,Jessica Stevens,Female,j.stevens@randatmail.com,12,463-1891-33,2,4000,53,Fiona Wilson
40074,Maddie Lloyd,Female,m.lloyd@randatmail.com,5,958-2998-94,3,4500,72,Owen Carroll
40074,Lydia Owens,Female,l.owens@randatmail.com,14,016-1733-78,5,5500,48,Ryan Cameron
40008,Alina Mitchell,Female,a.mitchell@randatmail.com,6,878-7404-65,4,5000,81,Alina Hamilton
40074,Rubie Gray,Female,r.gray@randatmail.com,9,044-9752-42,7,6500,43,Michelle Cooper
40074,Sofia Harper,Female,s.harper@randatmail.com,7,398-5185-22,2,4000,69,Myra Hawkins
40074,Adrian Owens,Male,a.owens@randatmail.com,14,226-9070-60,4,5000,45,David Richardson
40074,Amelia Nelson,Female,a.nelson@randatmail.com,7,147-7710-44,9,7000,91,Mary Hamilton
40008,Mary Dixon,Female,m.dixon@randatmail.com,11,748-7505-44,10,8000,80,Brad Stevens
40269,Chloe Morrison,Female,c.morrison@randatmail.com,5,342-9936-96,7,6500,100,Leonardo Harrison
40269,Sabrina Davis,Female,s.davis@randatmail.com,9,032-6874-24,7,6500,92,Kate Bailey
40269,Paul Carroll,Male,p.carroll@randatmail.com,13,385-9703-67,2,4000,100,Savana Lloyd
40008,Alan Smith,Male,a.smith@randatmail.com,8,567-5364-55,6,6000,60,Tess Russell
40269,Lydia Morgan,Female,l.morgan@randatmail.com,11,195-3663-80,9,7000,74,Alfred Taylor
40269,Lana Gibson,Female,l.gibson@randatmail.com,4,963-7738-30,6,6000,100,Maya Evans
40269,Thomas Davis,Male,t.davis@randatmail.com,13,983-2828-47,8,6500,46,Chester Thomas
40269,Daisy Walker,Female,d.walker@randatmail.com,4,271-7972-80,9,7000,67,Darcy Owens
40269,Sophia Parker,Female,s.parker@randatmail.com,6,438-2718-23,7,6500,52,Kevin Moore
40269,Melanie Cunningham,Female,m.cunningham@randatmail.com,4,732-9075-14,6,6000,46,Adrian Tucker
40008,Mary Adams,Female,m.adams@randatmail.com,9,197-4998-27,7,6500,71,Ned Evans
40382,Ada Kelly,Female,a.kelly@randatmail.com,9,490-8908-47,4,5000,42,Jessica Jones
40382,Ellia Ross,Female,e.ross@randatmail.com,5,885-5508-75,6,6000,71,Eleanor Watson
40382,Aldus Smith,Male,a.smith@randatmail.com,7,398-0977-39,8,6500,66,Catherine Nelson
40382,Preston Morgan,Male,p.morgan@randatmail.com,10,482-5502-74,3,4500,89,Savana Crawford
40008,Dexter Barrett,Male,d.barrett@randatmail.com,7,567-0417-36,9,7000,53,Antony Farrell
40382,Daryl Hunt,Male,d.hunt@randatmail.com,8,602-6653-76,9,7000,100,Kelsey Smith
40382,Maria Stewart,Female,m.stewart@randatmail.com,12,741-2968-18,9,7000,75,Savana Gray
40382,Luke Phillips,Male,l.phillips@randatmail.com,10,222-7940-42,6,6000,73,Maximilian Nelson
40382,Tara Kelley,Female,t.kelley@randatmail.com,4,844-5331-26,3,4500,54,Adele Ryan
40382,Fiona Morrison,Female,f.morrison@randatmail.com,11,637-9184-50,4,5000,83,Edward Mason
40382,Alan Ferguson,Male,a.ferguson@randatmail.com,6,692-7788-35,10,8000,76,Julia Stevens
40382,John Edwards,Male,j.edwards@randatmail.com,8,269-9100-80,2,4000,90,Bruce Bennett
40382,Richard Hall,Male,r.hall@randatmail.com,10,595-6885-53,7,6500,91,Arnold Taylor
40382,Camila Morrison,Female,c.morrison@randatmail.com,6,926-2147-37,7,6500,44,Chloe Sullivan
40382,Alen Moore,Male,a.moore@randatmail.com,6,377-8747-26,7,6500,100,Walter Perkins
40382,Dainton Ross,Male,d.ross@randatmail.com,4,732-3113-35,9,7000,82,Max Wells
40382,Charlotte Armstrong,Female,c.armstrong@randatmail.com,8,904-9478-49,3,4500,48,Amelia Harris
40382,Owen Cameron,Male,o.cameron@randatmail.com,9,972-2567-29,7,6500,51,Myra Cole
40382,Florrie Armstrong,Female,f.armstrong@randatmail.com,4,828-9896-08,10,8000,57,Lilianna Cameron
40077,Derek Lloyd,Male,d.lloyd@randatmail.com,7,922-4228-28,3,4500,40,Rosie Richards
40077,Kate Andrews,Female,k.andrews@randatmail.com,13,656-6256-49,5,5500,82,Kellan Hamilton
40077,Annabella Wilson,Female,a.wilson@randatmail.com,11,218-1325-05,10,8000,100,Jack Gray
40077,Savana Ferguson,Female,s.ferguson@randatmail.com,11,239-9890-58,10,8000,43,Sydney Crawford
40077,Natalie Perkins,Female,n.perkins@randatmail.com,12,759-8192-81,4,5000,40,Chester Barrett
40077,Anna Clark,Female,a.clark@randatmail.com,8,344-5456-06,7,6500,63,Deanna Alexander
40077,Sam Brown,Male,s.brown@randatmail.com,9,274-7306-38,3,4500,50,Isabella Morgan
40077,Miller Payne,Male,m.payne@randatmail.com,5,881-1926-77,8,6500,73,Bruce Riley
40077,Dale Rogers,Male,d.rogers@randatmail.com,7,981-4877-70,7,6500,92,Garry Carroll
40077,Sam Hill,Male,s.hill@randatmail.com,6,237-5313-63,10,8000,53,Caroline Allen
40077,Michelle Richards,Female,m.richards@randatmail.com,10,581-7660-10,9,7000,90,Patrick Murray
40077,Arnold Williams,Male,a.williams@randatmail.com,13,847-8584-19,9,7000,44,Lucia Andrews
40077,Connie Riley,Female,c.riley@randatmail.com,4,699-3519-35,9,7000,56,Dominik Grant
40077,Isabella Crawford,Female,i.crawford@randatmail.com,8,431-9022-18,6,6000,63,Miranda Richards
40000,Tyler Bennett,Male,t.bennett@randatmail.com,10,025-2648-50,5,5500,45,Owen Ross
40077,Isabella Douglas,Female,i.douglas@randatmail.com,14,601-8440-20,9,7000,79,Alberta Grant
40077,Aldus Ellis,Male,a.ellis@randatmail.com,4,752-8786-76,8,6500,44,Garry Taylor
40000,Tiana Armstrong,Female,t.armstrong@randatmail.com,5,809-6362-42,5,5500,41,Brooke Gibson
40077,Aiden Wright,Male,a.wright@randatmail.com,9,862-7315-15,10,8000,54,Sydney Edwards
40077,Oscar Higgins,Male,o.higgins@randatmail.com,6,536-7761-14,4,5000,50,Kirsten Dixon
40077,Edgar Armstrong,Male,e.armstrong@randatmail.com,5,535-6980-90,7,6500,62,Grace Hunt
40077,Anna Mitchell,Female,a.mitchell@randatmail.com,4,659-8787-45,10,8000,67,Olivia Ryan
40077,Bruce Ryan,Male,b.ryan@randatmail.com,14,100-6667-15,3,4500,97,Maria Barnes
40077,Ryan Howard,Male,r.howard@randatmail.com,5,341-8914-23,4,5000,98,Edward Casey
40398,Preston Hall,Male,p.hall@randatmail.com,9,489-6052-81,8,6500,89,Alfred Campbell
40000,Rubie Sullivan,Female,r.sullivan@randatmail.com,6,243-6516-00,9,7000,44,Jared Tucker
40398,Frederick Taylor,Male,f.taylor@randatmail.com,4,766-7038-58,6,6000,53,Hailey Wright
40398,Ted Andrews,Male,t.andrews@randatmail.com,7,145-1124-06,9,7000,66,John Turner
40398,Adrianna Brooks,Female,a.brooks@randatmail.com,8,234-9490-58,8,6500,67,Spike Perkins
40398,Melanie Hall,Female,m.hall@randatmail.com,5,359-6357-17,4,5000,88,Kirsten Murphy
40398,Tony Barrett,Male,t.barrett@randatmail.com,13,877-3120-99,9,7000,74,Jordan Kelly
40000,Amanda Cooper,Female,a.cooper@randatmail.com,6,864-6747-90,5,5500,72,Arnold Wright
40398,Alfred Richardson,Male,a.richardson@randatmail.com,12,897-8667-88,9,7000,83,Adison Casey
40398,Michael Cole,Male,m.cole@randatmail.com,9,543-4656-52,8,6500,91,Tyler Phillips
40398,Brad Fowler,Male,b.fowler@randatmail.com,10,639-5902-87,7,6500,69,Caroline Alexander
40398,Thomas Craig,Male,t.craig@randatmail.com,12,809-2461-80,6,6000,47,Sabrina Wright
40398,Mary Allen,Female,m.allen@randatmail.com,5,909-3805-99,9,7000,100,Dale Craig
40398,Belinda Tucker,Female,b.tucker@randatmail.com,8,242-8784-44,9,7000,95,Alina Morris
40398,Robert Smith,Male,r.smith@randatmail.com,14,298-9779-54,6,6000,80,Melanie Craig
